S.No.,Name,P/E,Mar Cap Rs.Cr. ,Div Yld %,NP Qtr Rs.Cr.,Qtr Profit Var %,Sales Qtr Rs.Cr.,Qtr Sales Var %,ROCE %,OPM %,Sales Var 3Yrs %,Profit Var 3Yrs %,3Yrs return %,ROE 3Yr %,EBIDT Var 3Yrs %,EPS Var 3Yrs %,Sector
1,L&T Technology,36.14,46182.44,1.26,329.2,2.85,2979.5,15.8,28.29,16.75,17.55,10.58,6.17,25.33,10.95,10.46,IT - Services
2,Inventurus Knowl,46.64,28437.69,0,180.72,59.93,781.09,21.52,27.2,31.55,51.66,24.85,,36.97,36.38,24.75,IT - Services
3,Tata Technolog.,38.19,26478.92,1.28,165.5,5.14,1323.33,2.07,25.8,16.93,13.56,15.71,,21.67,15.22,,IT - Services
4,Affle 3i,59.98,25148.69,0,110.51,20.13,646.72,19.13,16.82,22.3,27.96,21.31,20.32,15.33,26.6,19.19,IT - Services
5,Sagility,29.4,23490.48,0.1,250.83,113.76,1658.5,25.17,9.58,24.55,82.03,290.55,,4.89,85.39,190.21,IT - Services
6,Netweb Technol.,139.13,18759.9,0.08,31.43,20.05,303.72,20.98,32.45,14.29,66.93,71.9,,29.45,68.14,-20.25,IT - Services
7,Cyient,22.84,12878.95,2.24,142.9,-34.47,1781,-3.68,16.58,13.9,17.52,5.47,11.28,15.79,9.79,5.24,IT - Services
8,Black Box,31.91,8670.56,0.2,55.65,-3.68,1584.59,5.83,29.75,8.71,3.57,52.29,56.58,37.63,27.24,50.7,IT - Services
9,R Systems Intl.,24.89,4698.74,3.16,35.34,-11.23,498.62,12.28,20.81,15.3,14.65,-2.52,17.87,24.19,9.35,-2.52,IT - Services
10,Cigniti Tech.,15.99,4560.64,0,82.6,56.14,567.3,13.64,34.09,16.74,17.5,34.05,43.47,27.21,33.41,35.11,IT - Services
11,eMudhra,47.87,4548.95,0.23,26.44,15.28,172.88,22.42,15.32,23.21,41.68,26.92,21.81,14.81,24.81,20.11,IT - Services
12,Datamatics Glob.,21.6,4401.98,0.67,63.39,49.29,490.23,20.52,15.01,15.63,12.79,3.43,38.5,15.74,6.04,3.34,IT - Services
13,Zaggle Prepaid,37.01,4120.39,0,33.24,79.09,430.98,42.44,12.99,9.33,51.96,27.81,,12.39,32.33,-85.91,IT - Services
14,E2E Networks,460.65,4099.8,0,-13.46,-210.78,43.8,-7.89,8.08,42.89,46.76,95.41,124.9,8.47,80.31,75.54,IT - Services
15,Protean eGov,32.02,2915.47,1.39,23.86,-14.91,250.5,14.02,11.72,8.96,6.76,-7.06,,11.01,-2.89,-7.27,IT - Services
16,Network People,103.12,2905.82,0.14,9.84,-45.79,46.68,-30.07,69.23,30.35,108.03,211.18,141.6,52.71,160.78,211.24,IT - Services
17,Sasken Technol.,56.19,2207.16,1.72,10.5,-19.09,255.49,89.21,7.41,5.21,8.28,-28.25,17.78,9.82,-22.88,-28.37,IT - Services
18,String Metaverse,32.56,2034.65,0,21.64,217.33,232.5,164.78,26,10.47,,,,,,,IT - Services
19,Brightcom Group,2.5,2017.97,0,233.03,25.09,1643.98,26.19,12.32,25.78,0.84,-8.01,-28.51,12.71,-4.23,-8.01,IT - Services
20,Digitide Solutio,20.85,1821.66,0,18.87,19.84,476.48,5.7,,11.58,,,,,,,IT - Services
21,Genesys Intl.,29.74,1746.83,0,12.05,6.86,76.95,6.85,15.03,45.86,37.51,-3.31,-1.16,7.49,68.46,-10.7,IT - Services
22,Orient Tech.,32.56,1637.89,0.46,14.17,-5.91,272.8,22.26,26.52,7.52,21.55,14.31,,24.82,15.8,-14.3,IT - Services
23,BLS E-Services,28.9,1629.49,0.56,18.28,7.83,269.75,249.6,15.83,8.28,75.12,110.84,,12.96,112.46,-89.9,IT - Services
24,Expleo Solutions,14.3,1487.48,5.22,39.76,12.03,282.7,9.04,21.47,14.68,11.34,14.46,-8.16,19.63,11.29,-0.32,IT - Services
25,Ivalue Infosolut,15.16,1380.46,0,27.46,41.11,312.81,48.31,25.77,12.57,-11.2,21.83,,20.81,21.61,-43.45,IT - Services
26,Aurum Proptech,,1316.72,0,-8.41,34.66,82.5,28.99,-2.83,21.62,155.65,,16.56,-18.75,81.07,,IT - Services
27,Dynacons Sys.,16.65,1309.47,0.05,22.58,23.66,352.21,14.98,39.17,9.62,24.66,63.66,41.32,38.82,50.98,57.2,IT - Services
28,IZMO,33.75,1063.58,0,12.56,-60.7,60.11,2.66,7.98,18.16,19.26,13.43,113.5,7.85,13.6,9.45,IT - Services
29,Excelsoft Tech.,27.08,969.01,0,10.11,20.5,64.76,20.87,16.42,31.18,14.11,22.25,,7.83,9.55,-69.24,IT - Services
30,Kellton Tech,10.49,910.4,0,24.08,22.33,299.69,10.71,17.11,11.63,9.22,4.21,15.14,16.16,6.98,3.85,IT - Services
31,Veefin Solutions,48.89,832.59,0,8.21,103.69,110.04,476.43,6.81,22.85,128.94,143.62,,6.24,186.88,-80.44,IT - Services
32,Vakrangee,85.66,829.68,0,3.03,300.81,69.08,5.87,5.86,10.19,9.58,,-32.28,2.6,8.97,-53.01,IT - Services
33,Allied Digital,19.21,767.6,1.11,15.42,32.93,233.7,15.11,10.87,6.37,18.53,-9.19,13.43,7.53,14.02,-10.37,IT - Services
34,Unified Data,23.17,680.55,0,17.27,-21.39,149.03,40.79,47.86,12.65,33.15,45.99,,38.78,44.36,-90.82,IT - Services
35,Onward Technolog,16.5,678.31,1.67,11.94,237.29,138.97,12.95,15.65,11.87,16.94,4.84,-0.4,12.53,6.72,3.81,IT - Services
36,Sahana Systems,10.67,673.57,0.13,27.67,95.55,114.16,116.87,42.14,32.47,,,,,,,IT - Services
37,Sigma Solve,26.88,615.01,0.08,6.66,61.8,25.59,50.09,58.79,31.7,22.84,28.99,38.01,43.65,18.58,28.99,IT - Services
38,DigiSpice Tech.,37.48,536.25,0,7.16,337.04,124.58,14.44,5.47,2.59,-23.21,1.68,-5.08,-2.47,-15.53,1.29,IT - Services
39,Tera Software,31.37,512.66,0.25,6.56,325.97,71.43,181.89,11.28,14.67,-5.4,110.06,112.3,-0.5,13.56,110.06,IT - Services
40,Panache Digilife,69.77,464.68,0,1.48,-3.27,39.02,66.54,13.05,7.52,10.54,38.41,70.93,9.15,17.1,27.84,IT - Services
41,TechD Cybersec.,47.59,449.27,0,6.37,48.83,18.18,41.15,81.46,38.03,131.56,194.16,,70.91,201.15,-64.01,IT - Services
42,Bartronics India,288.06,348.55,0,1,300,12.4,40.11,1.42,-1.52,-15.1,26.1,39.59,,-57.64,26,IT - Services
43,Inspirisys Sol.,10.2,337.7,0,7.4,94.69,119.71,42.26,23.75,9.12,4.35,62.5,13.49,,149.83,62.5,IT - Services
44,Exato Technologies,32.36,315.81,0,7.26,,71.06,,26.46,11.44,,,,,,,IT - Services
45,FCS Software,665.3,306.04,0,-1.24,-212.73,8.21,-11.72,2.33,4.4,1.82,178.63,-12.64,1.06,20.28,178.63,IT - Services
46,Intense Tech.,27.1,277.21,0.85,3.17,-36.73,33.48,-20,15.24,9.8,21.75,-5.1,18.55,12.65,-0.23,-6.54,IT - Services
47,ACS Tech,50.61,271.76,0,2.37,46,48.25,45.51,6.79,8.25,,686.22,,5.73,920.57,833.03,IT - Services
48,Sattrix Infor.,44.04,249.28,0,2.01,402.5,28.06,26.45,23.63,17.8,24.84,23.59,,20.65,31.62,-85.95,IT - Services
49,Infinity Infoway,44.01,220.92,0,2.8,29.63,8.15,23.67,61.71,47.12,,,,,,,IT - Services
50,Airan,91.17,211.52,0,0.77,145.18,26.27,0.15,10.9,15.73,6.86,20.69,0.7,9.39,14.51,20.69,IT - Services
51,TCS,23.08,1160465.23,1.87,12131,8.54,65799,2.4,64.63,26.72,10.01,8.19,-0.8,50.3,7.73,8.6,IT - Software
52,Infosys,23.27,654524.8,2.66,7375,13.19,44490,8.55,37.5,23.88,10.25,6.45,3.17,30.72,8.18,6.91,IT - Software
53,HCL Technologies,26.53,450438.01,3.25,4236,0,31942,10.67,31.61,21.17,10.97,8.75,16.02,23.8,8.96,8.75,IT - Software
54,Wipro,20.34,274651.66,2.29,3262.4,1.17,22697.3,1.77,19.51,19.82,3.95,2.29,10.05,15.58,5.26,3.87,IT - Software
55,LTIMindtree,36.78,179075.36,1.08,1381.2,12,10394.3,10.19,27.63,17.06,13.33,5.21,12.57,24.66,7.56,-11.68,IT - Software
56,Tech Mahindra,34.57,155045.9,2.84,1201.7,-4.45,13994.9,5.12,18.56,14.34,5.88,-10.77,16.42,13.63,-6.87,-10.99,IT - Software
57,Persistent Systems,60.84,101300.48,0.55,471.47,45.07,3580.72,23.59,30.44,18.28,27.87,27,47.95,24.38,26.16,26.52,IT - Software
58,Oracle Fin.Serv.,27.86,66111.53,3.49,546.1,-5.47,1788.8,6.86,40.6,43.55,9.45,8,36.01,27.79,8.68,7.74,IT - Software
59,Coforge,49.46,56326.95,0.9,425.4,75.93,3985.7,31.73,20.34,15.84,23.28,6.53,28.37,20.87,16.8,3.26,IT - Software
60,Mphasis,30.24,53973.78,2.01,469.07,10.8,3901.91,10.34,22.71,18.82,5.96,5.66,12.59,19.38,8.18,5.24,IT - Software
61,Hexaware Tech.,31.94,44594.93,1.58,369.9,22.34,3483.6,11.09,29.52,15.44,18.6,16.05,,22.79,16.5,-8.24,IT - Software
62,Tata Elxsi,52.85,35442.3,1.32,154.82,-32.52,918.1,-3.87,36.26,22.81,14.71,12.67,-2.81,34.21,12.5,12.67,IT - Software
63,KPIT Technologi.,41.91,32380.47,0.72,169.09,-17.01,1587.71,7.9,40.03,19.92,33.92,43.2,18.01,30.38,40.96,43.2,IT - Software
64,Zensar Tech.,23.04,16135.69,1.83,182.2,17.02,1421.3,8.66,21.28,15.48,7.56,15.08,50.84,16.1,6.34,14.93,IT - Software
65,Intellect Design,31.85,12812.77,0.44,101.92,93.66,758.09,35.83,16.76,22.05,10,-0.79,29.25,13.56,6.15,-1.83,IT - Software
66,Birlasoft Ltd,25.45,11748.51,1.54,116.1,-8.95,1328.9,-2.87,20.95,13.41,9.18,3.41,13.28,17.02,4.27,3.61,IT - Software
67,Newgen Software,34.73,11418.95,0.62,81.74,16.22,400.79,10.97,27.97,25.64,24.05,23.62,63.86,21.77,24.47,23.15,IT - Software
68,Sonata Software,22.3,9858.42,1.25,120.19,12.87,2119.3,-2.33,29.1,6.34,22.29,4.12,6.5,31.33,10.38,4.12,IT - Software
69,Latent View,47.95,9138.94,0,45.73,11.28,257.54,23.25,15.22,22.21,27.63,14.63,6.09,12.44,21.26,13.49,IT - Software
70,C.E. Info System,60.17,8763.25,0.22,18.52,-38.97,113.77,9.74,24.13,35.9,32.21,25.74,15.1,19.18,27.54,24.83,IT - Software
71,Rategain Travel,37.01,7745.91,0,51.01,-2.3,295.06,6.42,17.3,20.35,43.21,211.91,27.11,12.7,90.07,202.15,IT - Software
72,Happiest Minds,33.08,6705.48,1.36,54.02,9.09,573.57,9.96,15.25,16.85,23.52,1.25,-20.63,19.38,15.63,0.03,IT - Software
73,Tanla Platforms,13.93,6678.67,2.38,125.05,-3.96,1078.48,7.77,29.19,16.13,7.9,-2.02,-11.57,28.53,0.67,-1.75,IT - Software
74,Mastek,17.2,6340.78,1.12,97.45,-19.18,940.37,8.41,17.28,15.49,16.52,8.89,6.67,17.01,5.37,7.8,IT - Software
75,Aurionpro Sol.,28.7,5835.45,0.38,55.86,20.59,357.67,28.53,18.07,20.33,32.43,38.07,79.48,17.84,30.97,29.54,IT - Software
76,Capillary Tech.,353.09,4996.29,0,1.03,,359.22,,2.88,10.86,38.94,29.4,,-14.63,53,28.33,IT - Software
77,Technvision Ven.,3621.46,4599.25,0,0.71,127.52,71.23,29.3,9.81,2.38,23.86,-79.38,204.21,,-29.33,-79.38,IT - Software
78,ASM Technologies,78.95,4373.59,0.13,19.12,568.53,154.46,171.27,19.3,20.45,14.64,21.06,85.74,9.19,25.66,18.01,IT - Software
79,63 Moons Tech.,,3015.46,0.18,-44.7,-19.15,20.54,109.81,-2.31,-346.61,-33.65,-8.23,57.93,1.32,-1.37,-8.23,IT - Software
80,Saksoft,19.74,2474.61,0.43,35.97,37.5,258.49,20.07,24.04,17.54,22.49,18.97,20.23,20.64,21.12,18.81,IT - Software
81,Nucleus Soft.,14.74,2375.98,1.37,26.29,-20.48,213.51,5.59,22.6,19.07,18.73,72.17,33.58,20.2,55.71,73.14,IT - Software
82,InfoBeans Tech.,33.65,2165.51,0.11,22.61,78.59,125.44,27.65,16.81,20.2,13.3,-10.77,20.38,11.51,0.06,-11.01,IT - Software
83,Silver Touch,81.15,2107.38,0.03,7.46,69.55,85.52,14.26,22,15.53,27.36,50,69.88,14.89,46.03,50,IT - Software
84,Accelya Solution,15.55,1962.19,6.86,29.61,-8.78,136.2,7.14,53.61,36.12,12.8,18.76,-3.87,43.97,12.83,18.76,IT - Software
85,Ramco Systems,215.02,1864.2,0,12.59,229.26,175.78,23.35,-5.4,19.11,3.65,15.35,26.89,-37.34,111.89,17.34,IT - Software
86,Ceinsys Tech,18.47,1792.68,0.35,25.74,120.94,163.45,81.53,26.61,19.83,27.25,89.81,86.32,17.88,54.66,82.22,IT - Software
87,Mobavenue AI Tech,237.38,1770.82,0.04,7.3,1096.72,54.32,440.5,,21.24,,,236.44,,,,IT - Software
88,TAC Infosec,72.22,1412.65,0,15.57,78.87,29.49,137.82,43.69,57.87,,,,,,,IT - Software
89,Magellanic Cloud,13.15,1410.74,0.13,27.62,14.43,164.44,4.54,22.91,33.25,33.41,51.62,0.31,27.9,77.82,44.25,IT - Software
90,Quick Heal Tech,,1323.98,0,7.91,90.6,83.52,13.65,-0.24,-4.61,-6.49,-67.46,12.26,1.89,-53.94,-66.68,IT - Software
91,Unicommerce,68.29,1322.17,0,5.78,29.31,51.38,75.3,31.37,19.57,,,,,,,IT - Software
92,Kody Technolab,68.98,1215.48,0,4.48,,31.68,,,35.04,,,,,,,IT - Software
93,Blue Cloud Soft.,16.67,870.82,0,15.42,35.86,252.92,7.5,37.07,9.83,,,47.66,,,,IT - Software
94,Xchanging Sol.,14.44,854.55,2.61,16.26,65.58,52.81,18.78,15.44,32.58,1.99,-1.95,4.48,7.13,4.18,-1.95,IT - Software
95,Innovana Think.,16.13,786.04,0,12.66,16.42,32.72,43.19,25.6,51.4,21.58,29,14.46,24.55,30.73,29,IT - Software
96,NINtec Systems,24.77,733.18,0,7.87,20.89,41.69,23.05,67.11,23.37,,,41.53,,,,IT - Software
97,Mindteck (India),22.86,676.22,0.47,7.56,-19.42,101.63,-6.1,15.54,8.39,12.41,19.89,24.35,12.4,18.26,20.13,IT - Software
98,Ksolves India,21.59,669.84,5.49,8.41,-8.49,39.67,13.93,157.26,30.08,42.93,29.26,8.96,143.48,30.96,29.24,IT - Software
99,IRIS Regtech Solutions,71.03,602.98,0,116.85,-50.69,28.56,6.13,30.22,8.75,27.16,135.31,54.36,20.97,39.53,130.16,IT - Software
100,NTPC,13.73,326092.03,2.49,5225.3,-3.94,44785.82,0.18,9.95,28.64,12.35,8.41,26,12.44,9.46,8.41,Power
101,Adani Power,22.7,273110.87,0,2906.46,-11.38,13456.84,0.88,22.54,37.26,26.58,37.69,36.39,40.43,20.13,37.69,Power
102,Power Grid Corpn,15.77,239770.64,3.49,3566.08,-5.98,11475.95,1.76,12.78,82.04,3.23,2.77,17.55,18.11,3,2.77,Power
103,Adani Green,71.13,155839.34,0,644,102.55,3008,0.1,8.7,81.16,29.75,56.44,-20.67,16.04,38.63,55.78,Power
104,Tata Power Co.,28.84,116565.99,0.62,1245.39,-8.03,15544.91,-0.97,10.81,19.7,15.21,20.56,20.97,11.55,13.88,20.56,Power
105,Adani Energy Sol,51.19,115441.65,0,557.1,-20.89,6595.83,6.66,10.23,29.14,28.29,25.25,-28.72,11.57,12.12,21.62,Power
106,JSW Energy,42.32,85650.07,0.41,824.27,-17.41,5177.42,59.91,6.49,49.55,12.88,1.78,20.06,7.67,13.09,-0.28,Power
107,NHPC Ltd,26.12,82841.55,2.32,1219.28,13.49,3365.26,10.27,7.42,52.98,4.32,-5.97,28.17,9.2,12.71,-5.97,Power
108,NTPC Green Ene.,125.92,76419.51,0,86.38,130.26,612.29,21.52,4.89,87.48,,,,,,,Power
109,Torrent Power,22.27,66607.71,1.44,741.55,50.45,7876,9.76,15.95,18.2,26.94,48.09,39.5,17.99,14.09,45.77,Power
110,NLC India,13.39,34985.19,1.19,724.8,-27.06,4178.41,14.25,10.51,26.03,8.28,49.7,46.03,12.24,8.64,49.7,Power
111,SJVN,55.23,30768.78,1.87,307.8,-30.2,1032.4,0.6,4.91,72.7,8.32,-6.66,32.16,7.29,7.91,-6.66,Power
112,CESC,15.11,21907.99,3.63,445,20.4,5267,12.06,11.23,18.69,10.67,-0.59,30.3,11.87,2.98,-0.59,Power
113,IndiGrid Trust,62.82,17847.86,6.5,38.63,-54.9,826.72,-1.08,7.51,85,13.95,-0.39,5.75,6.43,13,-6.05,Power
114,Nava,17.78,16450.96,1.38,177.5,-47.98,963.73,7.02,17.17,43.19,5.97,24.18,68.64,16.46,7.2,25.22,Power
115,Reliance Power,46.75,14003.84,0,87.32,138.49,1974.03,12.17,6.15,29.45,0.35,22.61,33.31,-9.68,-1.2,23.14,Power
116,ACME Solar Hold.,27.17,13748.62,0.09,115.06,631.63,467.75,80.19,8.42,88.23,-1.89,48.26,,4.66,2.28,30.4,Power
117,JP Power Ven.,15.54,11541.36,0,182.1,-0.31,1438.3,17.28,10.26,31.81,5.71,96.34,32.46,6.86,15.93,96.34,Power
118,KPI Green Energy,22.22,8820.19,0.15,116.64,54.5,634.3,76.35,17.5,32.21,96.15,95.04,64.81,24.9,74.16,82.98,Power
119,Powergrid Infra.,6.19,8364.76,6.52,279.29,177.79,316.63,-1.04,16.05,155.6,1.33,32.38,-10.46,8.1,29.32,32.38,Power
120,GMR Urban,,7234.4,0,894.7,-295.13,1810.36,30.83,13.18,19.19,15.65,16.64,66.75,,32.03,18.19,Power
121,Inox Green,116.23,6985.34,0,28.07,335.26,85.87,55.62,2.6,11.48,11.01,29.66,60.9,-0.85,0.55,28.36,Power
122,Reliance Infra.,1.35,6387.72,0,2575.3,50.47,6234.91,-14.1,34.01,9,7.47,86.45,5.53,6.71,57.38,70.71,Power
123,RattanIndia Pow.,56.58,4843.94,0,-31.55,-2237.04,653.72,-4.21,8.69,14.32,0.25,28.94,32.86,,-8.09,28.94,Power
124,PTC India,7.16,4719.54,7.34,222.05,26.42,5458.73,6.45,11.51,6.51,-1.23,10,20.21,10.36,-10.06,10,Power
125,Sustainable Ener,29.18,3823.2,4.97,8.64,-44.9,161.84,1.35,5.91,83.13,,,,,,,Power
126,Insolation Ener,19.5,2827.66,0.08,80.07,30.68,776.75,26.91,34.73,12.17,83.64,162.83,130.33,40.01,130.26,131.21,Power
127,Guj Inds. Power,12.34,2316.55,2.74,21.3,-38.65,321.4,16.42,6.44,31.71,2.33,7.27,20.42,6.14,3.61,6.34,Power
128,Anzen IYEP Trust,,2306.26,4.92,-8.05,-139.58,100.67,59.26,1.88,85.36,,,5.12,,,,Power
129,K.P. Energy,16.55,2209.55,0.18,35.94,44.11,300.69,51.39,41.72,20.07,55.25,87.58,72.81,41.69,74.76,87.49,Power
130,Ujaas Energy,251.23,1713.36,0,0.1,-87.5,4.86,3.4,9.98,5.63,-15.51,33.69,329.6,13.41,174.09,42.83,Power
131,Orient Green,23.68,1320.68,0,80.94,7.76,131.01,7.99,6.65,63.31,-5.34,73.2,4.73,3.14,-6.12,73.2,Power
132,India Power Corp,123.61,940.69,0.52,3.78,20,197.94,29.44,3.17,-10.74,2.12,-9.68,-9.19,1.27,-1.58,-9.68,Power
133,Surana Telecom,11.48,269.48,0,0.17,-66.07,9.37,211.3,0.69,5.08,-18.39,-57.41,20.42,1.09,-23.5,-57.41,Power
134,Indowind Energy,103.93,236.96,0,4.57,7.48,17.55,11.01,1.99,33.88,10.91,103.82,-0.94,2.1,12.69,114.78,Power
135,Waaree Tech.,,233.35,0,-1.72,34.35,4.11,-26.61,-39.85,-47.77,-7.95,,10.91,-70.53,,,Power
136,Globus Power,,137.04,0,-0.04,0,0,,-7.29,,,3.51,-21.1,-10.57,3.51,3.51,Power
137,Energy Devl.Co.,,89.06,0,10.57,61.37,20.66,36.91,3.89,54.16,-8.65,,-0.09,-14.71,-18.58,,Power
138,Waa Solar,7.8,71.04,0,1.82,737.93,8.81,-38.73,3.22,53.02,-14.83,-1.35,7.76,4.33,-29.06,-1.35,Power
139,Ampvolts,57.6,55.87,0,0.21,172.41,1.45,168.52,-0.95,-8.95,180.2,-42.35,-6.92,-4.04,-74.57,-42.14,Power
140,Karma Energy Ltd,5165.74,51.66,0,1.05,-38.95,4.62,4.52,1.38,-2.62,-31.89,33.08,19.01,4.78,-26.77,33.08,Power
141,Advance Meter.,,36.36,0,-3.08,-1383.33,4.06,-1.93,-8.13,-81.38,-3.03,,6.58,-6.41,,,Power
142,Gita Renewable,,34.4,0,-0.09,30.77,0,-100,-2.93,-3800,-37,,-7.88,4.36,,,Power
143,Veer Energy,,20.37,0,0.15,-65.12,2.55,-42.7,0.39,-34.95,25.51,-39.18,2.23,1.24,-18.58,-39.13,Power
144,IND Renewable,,16.01,0,-0.01,80,0,,-0.23,,,3.57,9.12,-0.07,10.06,1.19,Power
145,SRM Energy Ltd,,13.63,0,-0.09,0,0,,,,,13,38.02,,13.17,13,Power
146,One 97,759.83,82457.54,0,21,149.74,2061,24.23,-10.14,-1.29,11.53,11.61,30.82,-10.82,17.63,11.34,Fintech
147,PB Fintech.,169.52,78254.45,0,134.89,166.15,1613.55,38.24,5.9,4.73,51.73,33.5,53.66,-0.61,38.33,33.35,Fintech
148,Pine Labs,,25600.1,0,5.97,118.65,649.9,17.83,-0.49,9.6,34.61,,,-7.02,25.76,7.6,Fintech
149,Infibeam Avenues,22.86,5410.6,0,67.65,50.94,1964.91,93.27,8.65,5.74,45.58,38.63,4.38,5.22,34.15,36.73,Fintech
150,Seshaasai Tech.,20.58,4427.36,0,57.88,-10.91,351.35,-10.98,36.54,24.62,29.55,81.28,,43.93,51.87,-78.25,Fintech
151,One Mobikwik,,1818.67,0,-26.98,-420.62,268.3,-7.34,-13.13,-14.94,33.74,-0.21,,-25.73,8.94,7.99,Fintech
152,MOS Utility,37.48,584.39,0,9.26,54.33,315.81,2.46,19.2,4.22,,,,,,,Fintech
153,Finbud Financial,23.88,233.35,0,5.12,37.63,138.98,35.74,33.95,6.59,36.33,848.01,,42.03,92.99,43.47,Fintech
154,WSFX Global,25.2,78.62,2.4,3.67,16.88,34.96,34.98,18,10.55,43.89,41.22,24.18,9.74,74.13,40.37,Fintech
155,Suvidhaa Info.,,73.02,0,-1.76,54.76,1,-70.76,-32.08,-219.2,-34.64,,-11.59,-19.22,,,Fintech
156,AGS Transact,,51.25,0,-194.26,-1163.07,209.6,-43.92,1.26,4.55,-5.79,,-61.07,-8.15,-20.95,,Fintech
157,Bharti Airtel,37.88,1219675.38,0.79,8650.8,65.11,52145.4,25.73,13.48,56.01,14.07,83.4,36.74,17.27,14.99,85.34,Telecom - Services 
158,Vodafone Idea,,121994.26,0,-5524.2,22.49,11194.7,2.4,-1.93,42.1,4.2,1.17,15.81,,5.81,16.13,Telecom - Services 
159,Indus Towers,12.21,114311.44,0,1839.3,-17.28,8188.2,9.68,28.99,64.45,2.81,16.21,33.25,23.32,11.79,17.04,Telecom - Services 
160,Bharti Hexacom,54.93,88150.38,0.57,421.2,66.42,2317.3,10.47,17.44,51.41,16.51,143.23,,18.31,31.88,101.61,Telecom - Services 
161,Tata Comm,49.79,49688.81,1.44,183.21,-18.24,6099.75,6.49,14.79,19.35,11.38,-3.44,8.59,78.32,1.02,-3.44,Telecom - Services 
162,Altius Telecom,51.16,45711,5.74,280,33.08,6080.2,51.15,8.17,41.32,25.74,14.13,,5.4,31.79,8.29,Telecom - Services 
163,Railtel Corpn.,34.06,11016.48,0.83,76.07,5.4,951.36,12.79,21.84,15.14,31.72,22.54,40.85,14.7,15.61,22.54,Telecom - Services 
164,HFCL,356.17,9915.78,0.15,71.92,-8.16,1043.34,-4.6,7.55,8.94,-4.91,-17.65,-3.56,7.7,-9.89,-18.92,Telecom - Services 
165,Tata Tele. Mah.,,9116.13,0,-320.82,2.9,286.13,-16.7,50.32,48.68,6.14,-1.7,-18.59,,6.6,-1.7,Telecom - Services 
166,Route Mobile,14.35,4210.27,1.64,-18.83,-12.82,1119.42,0.54,17.74,10.63,31.72,25.92,-17.46,16.95,33.8,25.95,Telecom - Services 
167,Pace Digitek,17.23,4084.47,0,67.87,-32.7,533.45,-36.96,41.31,19.89,81.83,191.08,,31.52,139.15,-11.59,Telecom - Services 
168,Bondada Engineer,22.88,3803.1,0.03,92.56,147.65,1216.67,153.16,39.5,11.45,67.54,121.74,,35.06,108.77,-25.94,Telecom - Services 
169,M T N L,,2164.06,0,-960.2,-7.85,189.76,-28.83,-6.76,-65.41,-15.31,-10.47,11.48,,-13.87,-10.47,Telecom - Services 
170,Vindhya Telelink,5.99,1597.35,1.19,59.12,142.69,959.83,0.75,7.64,6.91,45.22,1.61,-7.73,6.07,5.38,1.61,Telecom - Services 
171,GTL Infra.,,1498.67,0,-193.47,9.61,356.49,5.98,,24.12,-2.78,-3.44,-0.84,,-12.05,-2.87,Telecom - Services 
172,Megasoft,10.34,1426.24,0,0.56,103.93,0,,8.74,,,,83.61,-6.47,54.87,,Telecom - Services 
173,Sar Televenture,17.05,1141.88,0,36.26,126.77,241.76,106.6,9.28,16.09,319.79,953.05,,12.38,353.41,35.34,Telecom - Services 
174,STL Networks,,1041.66,0,-19.29,-481.98,230.79,-35.27,,6.26,,,,,,,Telecom - Services 
175,Suyog Telematics,17.72,655.55,0.31,16.59,-18.15,52.25,9.45,13.67,59.82,15.08,-0.67,18.01,18.16,8.92,-2.65,Telecom - Services 
176,Reliance Communi,,293.2,0,-2701,-174.19,87,-1.14,,-24.71,-13.65,,-20.13,,38.33,,Telecom - Services 
177,Kore Digital,4.18,202.6,0,10.95,,100.89,,45.01,14.75,,,,,,,Telecom - Services 
178,GTL,,121.12,0,-39.47,-411.88,55.4,-20.73,,0.84,9.47,14.41,-0.43,,83.05,14.41,Telecom - Services 
179,Steelman Telecom,,90.96,0,-8.97,18.08,116.82,15.09,-8.61,2.16,31.97,,-18.6,-3.96,-0.78,,Telecom - Services 
180,Rama Telecom,13.89,83.75,0,2.42,26.04,22.36,21.65,44.56,18.01,8.7,76.15,,33.32,64.42,-54.85,Telecom - Services 
181,Nettlinx,8.14,43.54,0,-5.28,-225.86,5.33,-26.58,19.53,10.07,-0.88,54.99,-29.95,13.23,46.93,52.21,Telecom - Services 
182,Quadrant Tele.,,25.11,0,-13.82,54.09,54.41,-13.77,,13.67,-18.59,-7.23,-34.06,,9.81,-7.23,Telecom - Services 
183,Uniinfo Telecom,104.46,16.71,0,0.14,166.67,11.85,34.35,-0.97,4.14,-5.6,13.89,-11.17,0.01,35.72,13.89,Telecom - Services 
184,Vivo Collaborat.,,15.72,0,-2.03,-394.2,0,-100,-10.56,-578.16,-41.26,,-16.42,-4.44,,,Telecom - Services 
185,Accord Synergy,11.71,10.07,0,1.15,217.35,19.14,47.91,-9.91,0.89,3.08,20.73,-3.23,-2.48,20.54,20.73,Telecom - Services 
186,City Online Ser.,,2.58,0,-0.2,-242.86,1.95,6.56,38.34,0.81,-4.93,27.35,-6.41,,91.29,27.35,Telecom - Services 
187,ITI,,28707.84,0,-54.24,24.09,543.4,-46.53,-1.33,-1.51,24.8,,42.51,-19.43,-58.85,,Telecom - Equipments and Accessories 
188,Tejas Networks,,7404.52,0.6,-196.55,-218.64,306.79,-88.39,15.47,-16.51,153.06,108.95,-11.43,5.25,233.44,87.84,Telecom - Equipments and Accessories 
189,Sterlite Tech.,1143.54,4574.15,0,4,123.53,1034,-3.72,2.86,12.01,-9.76,,-8.25,-0.89,-14.8,,Telecom - Equipments and Accessories 
190,Optiemus Infra.,59.89,4118.5,0,16.78,22.21,418.27,-12.24,14.4,6.59,58.84,313.64,16.73,12.38,100.16,311.42,Telecom - Equipments and Accessories 
191,Valiant Commun.,67.47,923.03,0.12,5.27,88.21,20.17,58.57,21.13,30.06,56.76,64.44,101.05,12.91,98.5,62.84,Telecom - Equipments and Accessories 
192,ADC India,33.45,604.07,2.28,4.31,-50.57,45.75,-9.92,46.57,11.48,15.73,42.35,36.92,29.15,41.33,42.35,Telecom - Equipments and Accessories 
193,Birla Cable,79.11,397.95,0,0.69,-65.5,176.07,-3.11,5.14,4.82,7.31,-38.73,-3.56,7.86,-8.04,-38.73,Telecom - Equipments and Accessories 
194,Kavveri Defence,33.51,249.63,0,0.47,-2.08,2.1,61.54,8.43,12.44,45.05,33.03,121.18,26.5,223.32,33.03,Telecom - Equipments and Accessories 
195,Frog Innovations,13.67,235.41,0,-1.02,-119.21,54.93,-31.13,21.46,16.21,18.16,17.12,-12.11,14.85,19.11,-82.71,Telecom - Equipments and Accessories 
196,Umiya Buildcon,14.86,152.8,0,6.71,242.35,20.57,59.83,9.59,41.55,-26.54,-57.69,11.26,2.66,-37.29,-57.69,Telecom - Equipments and Accessories 
197,Aksh Optifibre,,99.73,0,-3.05,65.06,31.19,19.41,-13.45,-0.02,-25.65,,-16.73,-58.32,,,Telecom - Equipments and Accessories 
198,Punjab Commun.,15.1,73.69,0,3.23,423,8.17,47.47,-2.82,-22.27,16.95,24.22,25.25,-15.77,24.99,24.22,Telecom - Equipments and Accessories 
199,Clenon Enterpri,,62.49,0,-0.59,-146.46,0.49,,-15.12,-168.35,,,,,,,Telecom - Equipments and Accessories 
200,T N Telecom.,,41.94,0,-4.3,-30.7,0,,,,,-20.08,6.42,,6.66,-20.08,Telecom - Equipments and Accessories 
201,Telogica,34.51,33.47,0,0.17,-54.05,5.16,10.73,22.73,7.36,43.83,37.59,27.87,,41.2,34.41,Telecom - Equipments and Accessories 
202,Meta Infotech,15.34,206.57,0,10.45,-18.8,210.15,14.21,51.14,11.48,42.11,72.23,,41.29,62.27,-39.44,IT - Services
203,VL E-Governance,1786.04,196.46,0,-0.52,-164.2,3.25,-59.32,0.11,-5.43,-43.98,-76.1,,-0.01,-78.09,,IT - Services
204,Enfuse Solutions,,194.65,0,-8.52,-467.24,31.28,46.92,14.76,1.78,19.41,17.84,,20.27,50.69,-87.73,IT - Services
205,Optivalue Tek,14.72,191.97,0,7.23,13.5,30.49,34.73,54.9,29.19,24.39,32.3,,40.5,26.57,-88.97,IT - Services
206,Dev Information,28.26,190.99,0.59,71.88,-79.75,48.51,34.97,11.2,6.53,19.55,256.7,-10.83,16.36,36.82,254.36,IT - Services
207,DCM,6.36,166.56,0,1.45,104.23,17.62,5.95,78.63,3.51,-0.35,10.87,2.5,45.87,-0.58,10.87,IT - Services
208,Matrix Geo Sol.,21.3,145.9,0,4.01,33.22,14.06,58.33,44.27,37.8,31.03,66.83,,30.42,63.25,-83.7,IT - Services
209,Prodocs Solution,28.15,143.82,0,,,,,41.88,17.21,61.51,205.06,,51.82,207.99,-11.07,IT - Services
210,Enser,16.07,139.46,0,4.72,,43.79,,,16.73,,,,,,,IT - Services
211,Elnet Technolog,7.19,137.26,0.55,5.02,12.81,6.25,3.65,15.36,63.75,1.41,11.74,20.36,12.32,6.25,11.74,IT - Services
212,Cressanda Railwa,,120.74,0,-3.58,10,0.86,179.63,0.29,-27.2,464.97,,-52.53,4.64,343.1,,IT - Services
213,Odigma Consultan,199.01,91.55,0,0.12,71.43,12.57,49.46,0.97,2.76,21.57,-40.8,,0.83,11.44,-88.59,IT - Services
214,Riddhi Corporate,5.89,87.54,0.66,3.11,103.27,133.55,100.92,13.65,6.59,32.92,29.4,-42.92,17.07,21.18,27.59,IT - Services
215,ROX Hi-Tech,2.93,86.44,0,9.6,,104.81,,,14.29,,,,,,,IT - Services
216,Titan Intech,19.54,86.17,0,1.13,28.41,6.87,32.12,6.62,30.06,72.11,59.41,3.43,9.91,66.49,-19.45,IT - Services
217,WEP Solutions,31.71,81.5,2.26,0.3,-73.91,17.5,9.44,9.57,21.74,-16.38,16.53,-1.42,7.85,6.54,15.9,IT - Services
218,SecureKloud Tech,,81.27,0,-15.33,-1875,33.8,-22.21,-17.55,-30.39,-23.83,9.35,-25.14,-354.8,21.35,10.05,IT - Services
219,Icodex Publish.,7.9,79.98,0,5.5,27.02,13.89,28.14,82.77,60.15,38.81,90.8,,64.57,96.37,-91.72,IT - Services
220,SGL Resources,88.1,76.65,0,0.45,-8.16,39.19,81.86,1.64,-15.38,13.82,-10.76,-20.76,1.18,27.71,12.41,IT - Services
221,Handson Global,15.27,74.35,0,0.5,-37.5,18.95,239.61,20.13,12.15,30.72,25.5,6.48,15.78,17.08,25.5,IT - Services
222,Praruh Tech,13.1,72.42,0,0.98,-56.25,17.6,-37.88,35.32,17.5,45.1,66.92,,58.55,76.62,-64.27,IT - Services
223,Aeonx Digital,23.69,71.08,0.65,0.35,-72.66,10.64,3.7,9.78,1.69,26.54,47.04,27.55,5.19,69,47.04,IT - Services
224,Takyon Networks,10.74,68.53,0,3.26,,42.09,,24.21,11.81,18.96,21.92,,17.76,22.89,-15.46,IT - Services
225,Sylph Industries,23.17,65.35,0,3.72,12500,42.92,,,-71.43,,,-40.45,,,,IT - Services
226,Vedavaag Systems,9.07,63.59,1.85,1.22,-55.47,21.62,-13.66,8.69,13.63,3.72,0.44,-19.53,6.05,-2.79,0.01,IT - Services
227,Bodhtree Consul.,56.08,60.56,0,0.42,158.33,3.58,175.38,-8.1,0.79,-61.23,,41.29,-30.79,,,IT - Services
228,Vertexplus Tech.,111.62,60.27,0,-2.02,-20.12,10.11,39.26,5.85,8.02,-4.25,-24.56,,5.62,-14.79,-32.08,IT - Services
229,Palred Technolog,,57.86,0,-1.36,-5.88,23.78,-16.62,-2.52,-9.97,-12.43,,-35.21,-7.09,,,IT - Services
230,Ram Info,20.95,55.11,0,1.79,1185.71,11.83,194.28,4.3,11.37,-42.1,-39.93,-13.41,10.54,-18.06,-42.21,IT - Services
231,Adroit Info.,,54.4,0,0.77,71.11,11.44,61.81,-1.79,-1.27,70.75,,-15.39,4.94,-32.32,,IT - Services
232,Sancode Tech.,44.52,49.42,0,-0.11,122,7.46,29.51,7.07,5.67,78.21,13.92,,-9.9,12.53,-57.14,IT - Services
233,Synoptics Techno,12.14,48.33,0,3.4,-1.73,29.64,25.59,8.75,21.74,-5.23,-1.98,,12.3,1.3,-8.05,IT - Services
234,Saven Tech.,14.01,47.09,3.47,0.77,13.24,4.71,38.53,17.99,19.73,9.84,-3.01,1.21,15.73,-1.32,-3.01,IT - Services
235,PCS Technology,29,45.82,0,0.39,39.29,0.09,12.5,4.85,-344.74,9.74,16.22,11.56,2.11,14.09,16.22,IT - Services
236,Lee & Nee Soft.,145.35,45.06,0,0.03,-40,2.52,2.44,0.95,-5.92,21.11,6.92,-4.17,0.48,18.76,6.92,IT - Services
237,GSS Infotech,,41.77,0,0.26,150,19.14,-43.12,0.02,-1.5,2.34,,-60.51,1.53,-20.43,,IT - Services
238,Globtier Infotec,6.9,41.51,0,3.13,6.35,42.39,2.69,31.11,14.03,11.06,66.57,,32.12,45.02,15.5,IT - Services
239,Kashyap TeleMed.,,36.17,0,-0.06,,0,-100,0,-125,-1.7,,52.44,-1.53,,19.98,IT - Services
240,Infonative Solu.,9.31,35.55,0,1.52,-58.24,12.07,7.48,51.41,23.37,5.58,38.54,,27.53,36.48,,IT - Services
241,USG Tech,,34.81,0,-0.08,46.67,0,,-1.17,,,2.78,15.84,-1.13,5.54,2.78,IT - Services
242,Octaware Tech.,,29.62,0,-0.05,-111.9,7.07,-10.39,2.25,-0.2,-2.24,-22,18.08,-6.15,-21.82,-22,IT - Services
243,Rolta India,,26.87,0,-8.68,-36.26,0,,-4.53,,,25.38,-25.06,,27.45,25.38,IT - Services
244,Globesecure Tech,,24.07,0,-0.89,-470.83,7.88,-25.1,-4.85,-18.72,-13.77,,-44.98,-0.29,,,IT - Services
245,Panabyte Tech,93.06,23.27,0,0.36,620,2.87,34.11,8.23,6.12,-0.2,108.01,18.31,-2.31,22.59,97.48,IT - Services
246,Ekennis Software,,21.04,0,-0.53,44.21,0.85,-20.56,-21.27,-26.02,-22.55,,-3.46,-6.03,,,IT - Services
247,Benchmark Comp.,9.03,19.77,0,1.52,47.57,28.63,50.84,8.11,7.05,32.57,27.26,,10.25,36.49,,IT - Services
248,I Power Solution,,13.16,0,-0.14,-100,0,,-11.63,,,,49.63,-8.26,,,IT - Services
249,Quadpro ITeS,26.34,12.38,0,0.23,-42.5,3.15,-24.28,4.25,11.57,-6.75,-12.03,-24.31,3.96,-3.27,-12,IT - Services
250,United Interacti,12.61,12.23,0,0.68,-41.82,0,,3.98,-35.65,36.72,137.65,13.71,0.57,131.6,137.65,IT - Services
251,Ace Engitech,,11.55,0,-0.13,-62.5,0,,-147.69,,,,107.73,-43.48,,,IT - Services
252,Edvenswa Enter,6.92,92.35,0,1.81,-21.98,29.97,18.79,16.63,11.06,46.65,61.01,-14.31,14.67,73.2,54.48,IT - Software
253,Paramatrix Tech.,14.36,90.63,0,2.9,23.4,14.08,1.51,13.89,16.89,1.54,-6.11,,11.93,-6.73,-70.69,IT - Software
254,Accel,36.54,82.21,2.1,0.79,2.56,43.65,11.13,7.93,8.14,13.45,-40.08,-2.59,3.94,-2.99,-40.17,IT - Software
255,Identixweb,17.16,74.12,0,2.19,31.98,5.78,22.72,34.33,64.07,,,,,,,IT - Software
256,Cambridge Tech.,,72.28,0,-5.21,82.01,44.11,2.46,-18.79,2.27,21.02,,-12.8,-11.8,,,IT - Software
257,S A Tech Soft.,30.02,67.84,0,-0.64,-114.19,49.59,-2.75,29.91,5.65,34.32,49.69,,31.19,75.91,26.92,IT - Software
258,Cranes Software,,67.31,0,-12.2,38.17,1.69,-5.59,,-42.66,11.9,21.16,8.69,,,22.28,IT - Software
259,SagarSoft (India,288.9,66.45,1.92,-0.94,-73.6,43.17,23.34,11.28,-0.38,6.52,-8.34,-9.64,11.31,-5.56,-8.34,IT - Software
260,Mudunuru,,62.69,0,-0.82,-105,0.36,-69.49,-27.01,-11.53,82.5,10.9,27.42,,24.02,14.78,IT - Software
261,Globalspace Tech,106.06,59.39,0,-0.12,-300,10.01,-13.48,2.13,10.46,47.96,12.35,-8.19,,-18.44,12.38,IT - Software
262,TeleCanor Global,15.23,58.48,0,2.53,536.21,5.74,2307.69,16.44,45.07,,44.22,69.98,,54.35,44.22,IT - Software
263,Quicktouch Tech,,52.16,0,-3.24,-257.28,0.01,-99.96,6.25,3.11,,,,,,,IT - Software
264,Aris Interna.,651.25,52.1,0,-0.01,75,0.04,100,5.16,18.18,1.72,34.71,,-14.52,34.71,28.8,IT - Software
265,Austere Sys.,10.02,47.08,0,2.17,520,10.34,44.82,42.31,29.7,14.82,74.09,,42.17,57.79,-80.96,IT - Software
266,Netlink Solns(I),,44.86,0,-0.18,-102.83,0.01,-91.67,20.45,-4850,-20.09,74.94,57.96,26.23,72.58,74.94,IT - Software
267,California Soft.,48.46,44.58,0,0.23,187.5,1.54,43.93,4.41,28.01,-20.53,-45.91,9.23,3.69,-40.31,-45.91,IT - Software
268,IEC Education,,42.29,0,-0.04,20,0,,-0.84,,,-6.25,,-1.19,-6.17,-6.25,IT - Software
269,Logiciel Soluti.,7.66,41.91,0,,,,,44.99,39.17,,,,,,,IT - Software
270,Accedere,288.95,40.45,0,0.07,-20,0.99,-6.6,3.08,5.33,62.54,128.94,13.98,0.81,42.6,128.94,IT - Software
271,Starcom Info.,,39.36,0,-1.2,-16.5,0.48,-37.66,,-179.92,-5.6,2.27,-10.47,,6.6,2.27,IT - Software
272,B2B Soft.Tech.,12.1,30.14,0,0.63,103.23,7.66,23.15,15.2,6.48,6.63,-0.75,-1.42,11.58,-2.72,-0.75,IT - Software
273,Micropro Softwar,,29.1,0,-2.11,-62.31,8.13,27.83,-3.38,-7.39,,,,,,,IT - Software
274,Yudiz Solutions,,27.76,0,-1.12,-918.18,10.31,-7.53,,-25.23,3.9,,,,,,IT - Software
275,AccelerateBS Ind,18.01,26.47,1.3,0.87,569.23,3.37,4.01,22.18,31.45,,,,,,,IT - Software
276,Response Info.,16.66,25.31,0,0.25,-28.26,6.82,-24.97,17.05,4.82,,,-5.88,,,,IT - Software
277,Senthil Infotek,,25.07,0,0.01,,0.02,-50,-2.69,-1990.91,0,,61.38,-0.75,,,IT - Software
278,Niks Technology,72.03,21.61,0,0.13,-53.57,5.31,5.57,12.16,7.47,132.17,,32.69,12.67,65.86,26.89,IT - Software
279,Infronics Sys.,182.03,18.2,0,-0.22,-215.79,0,-100,49.7,26.92,-30.36,181.89,-18.48,,223.96,181.89,IT - Software
280,COSYN,103.09,17.52,0,0.02,100,6.34,92.71,-3.3,-4.16,2.36,,5.49,-1.69,,,IT - Software
281,Covidh Technolog,109.13,16.37,0,0.01,200,0,,19.05,,,48.47,128.13,,48.47,252.39,IT - Software
282,Groarc Industrie,,15.17,0,0.87,495.45,22.54,2247.92,2.91,-6.56,-18.11,9.1,-8.9,1.26,7.28,-14.04,IT - Software
283,Cont. Chemicals,26.7,14.95,0,0.12,300,0.06,0,10.74,-275,-22.9,94.28,-10.11,9.25,43.42,94.28,IT - Software
284,Indo-City Info.,,12.04,0,-0.03,82.35,0.04,-97.65,-10.22,-27.76,-3.99,,17.4,-0.54,,,IT - Software
285,Southern Infocon,99.37,11.92,0,0.17,750,4.22,2010,7.9,1.17,-4.28,65.1,11.9,3.41,46.85,65.1,IT - Software
286,Space Incubatric,1.12,10.73,0,9.56,31966.67,20.1,,-1.57,45.57,,,22.17,-0.22,,,IT - Software
287,Svam Software,,10.37,0,0.04,-50,0.05,-37.5,0.1,-111.76,-25.84,,15.35,-0.07,-12.64,-12.64,IT - Software
288,Objectone Inform,,8.41,0,-0.18,40,3.54,-17.1,9.12,2.3,2.51,-7.17,-20.79,2.49,6.47,-7.17,IT - Software
289,Wherrelz IT,,7.72,0,0.23,-11.54,12.79,-29.61,-21.16,-167.42,233.12,,4.45,,,,IT - Software
290,Nihar Info Glob.,,7.5,0,1.31,520,5.92,1060.78,-34.03,-11.1,,,-7.13,,,,IT - Software
291,First Fintec,88.15,7.05,0,0.06,50,0.68,38.78,0.28,-2.64,42.68,25.43,5.65,-5.84,37.61,25.43,IT - Software
292,Hind.Bio Science,335.73,6.71,0,-0.06,-175,0,-100,2.95,0,23.5,29.91,19.48,5.01,29.98,29.91,IT - Software
293,Omni Ax's,,6.67,0,-0.03,,0,-100,-0.61,-33.33,,16.67,7.56,-0.91,16.67,16.67,IT - Software
294,PFL Infotech,,5.98,0,-0.03,-50,0,,-125,,,16.17,47.1,-62.78,16.17,16.17,IT - Software
295,CLIO Infotech,565.25,5.65,0,0,-100,0.11,450,0.5,-13.79,,28.24,-11.58,-0.7,53.26,28.24,IT - Software
296,Virgo Global,,5.51,0,-0.76,14.61,0,-100,2.93,,-33.96,,-15.69,23.59,-24.61,38.67,IT - Software
297,Hit Kit Global,,5.49,0,0.01,-96.55,0.2,-52.38,2.14,-22.54,42.55,61.63,10.79,0.15,52.38,55.67,IT - Software
298,Mahaveer Infoway,258.27,5.17,0,0.03,-81.25,0.67,-34.31,5.35,2.16,-3.52,-27.51,3.75,0.95,-2.99,-27.51,IT - Software
299,Sparc Electrex,,5.16,0,-0.05,-350,0.13,-90.3,-7.92,-158.43,-34.71,,-35.77,-3.53,,,IT - Software
300,Jointeca Educati,,5.11,0,-0.85,-1.19,0.09,0,-19.08,-123.81,73.8,-21.7,-27.62,-15.75,0,-21.7,IT - Software
301,Tranway21 Tech.,,4.79,0,-0.66,-214.29,2.15,-16.99,0.92,-7.08,-16.36,,-23.91,-0.33,-47.3,,IT - Software
302,ABM Knowledge,45.19,586.17,0.43,1.4,-46.84,22.08,-1.52,9.55,17.42,0.37,-0.8,40.33,6.46,7.33,-0.8,IT - Software
303,Trident Techlabs,26.68,518.17,0.33,11.38,228.9,63.5,201.38,26.67,24.75,37.06,161.85,,26.5,59.42,42.7,IT - Software
304,Trejhara Solutio,92.48,509.57,0,3.57,176.74,33.93,31.61,2.99,9.24,25.63,-27.14,45.97,-7.66,-12.24,-31.97,IT - Software
305,Workmates Core2,28.08,451.77,0,9.09,30.23,74.69,55.99,92.32,16.5,103.57,123.36,,84.93,121.66,123.36,IT - Software
306,Axis Solution,19.31,450.3,0.52,5.15,-42.65,48.47,15.71,30.37,12.36,92.8,584.12,,18.47,819.49,336.52,IT - Software
307,Cybertech Sys.,12.24,434.26,2.86,8.66,-3.13,58.79,1.45,19.45,10.78,19.32,16.09,2.63,13.87,11.45,12.29,IT - Software
308,Systango Tech,13.38,432.44,0,18.3,88.66,45.49,58.06,28.74,40.12,27.11,46.84,,25.47,45.46,79.96,IT - Software
309,All E Tech,13.69,415.6,0.73,7.38,10.48,33.35,-7.13,29.6,21.92,25.96,46.83,19.42,19.33,44.91,33.94,IT - Software
310,Softtech Enginee,307.54,415.18,0,0.33,-60.87,26.81,16.82,4.39,23.43,18.35,-35.01,23.94,2.44,12.71,-41.33,IT - Software
311,XT Global Infot.,41.44,411.9,0.16,3.44,1.11,94.41,93.7,7.55,7.95,2.61,-22.73,3.46,6.91,-5.4,-22.84,IT - Software
312,Avance Tech.,288.43,354.76,0,-0.77,-128.21,41.4,-6.36,1.81,-0.84,,,255.03,,,,IT - Software
313,Alphalogic Tech.,71.68,351.94,0,2.25,12.6,16.8,-10.59,16.28,12.32,86.49,47.52,35.57,12.49,46.58,44.13,IT - Software
314,Virtual Galaxy,9.92,347.29,0.72,22.02,15.11,86.13,20.28,44.99,46.71,41.26,142.59,,40.3,75.48,104.73,IT - Software
315,Ace Soft. Exp.,52.3,344.17,0,1.83,109.2,14.01,139.49,9.97,15.35,47.76,98.18,195.16,5.61,169.82,84.28,IT - Software
316,3i Infotech,4.53,318.38,0,18.2,284.3,174.89,-1.53,4.94,3.18,2.34,37.94,-26.6,-3.98,85.62,37.83,IT - Software
317,Covance Softsol,19.76,286.1,0,7.68,109.84,33.17,65.11,8.01,17.38,,,,,,,IT - Software
318,GTT Data,,277.72,0,-1.09,-17.98,36.77,938.7,-15.35,-2.76,,,222.39,,,,IT - Software
319,CapitalNumbers,9.95,267.84,0.91,14.8,8.11,52.67,4.94,26.47,25.76,13.03,12.89,,28.41,11.62,-81.45,IT - Software
320,Aion-Tech Soluti,,253.96,0,-0.48,95.73,33.48,65.82,-2.28,0.06,13.43,,2.91,-2.28,-44.32,,IT - Software
321,Methodhub Software,21.64,248.87,0,10.35,,79.94,,31.09,12.72,,,,,,,IT - Software
322,DRC Systems,14.6,242.49,0,4.17,31.5,22.83,41.45,30.01,31.47,49.67,178.19,10.95,28.36,101.52,165.33,IT - Software
323,Virinchi,,233.22,0,-13.67,-6013.04,61.77,-16.83,5.44,27.36,-5.95,-63.08,-13.16,2.12,-2.16,-66.12,IT - Software
324,Atishay,28.69,228.08,0.48,1.83,26.21,17.95,37.97,20.35,17.97,37.33,299.62,85.76,10.78,76.14,299.62,IT - Software
325,Equippp Social,124.83,218.45,0,0.22,142.31,10.86,2162.5,10.96,11.63,,34.68,-26.57,2.65,73.99,34.68,IT - Software
326,Artificial Elect,16.66,213.43,0,9.75,4542.86,33.05,812.98,22.89,25.56,,175.31,210.07,15.1,199.51,48.26,IT - Software
327,Empower India,49.37,195.52,0,2.83,32.24,34.7,-24.1,1.78,-3.47,169.07,291.49,123.74,1.38,299.54,291.49,IT - Software
328,Trigyn Techno.,38.63,194.69,0,5.27,424.75,241.95,16.43,4.17,0.52,-4.79,-31.82,-11.78,3.26,-19.64,-31.82,IT - Software
329,Xelpmoc Design,,186.94,0,-1.93,-58.2,0.76,-53.37,-12.95,-230.84,-21.46,11.06,-2.46,-18.99,14.71,11.34,IT - Software
330,Shradha AI Tech,15.18,175.48,2.08,2.77,6.95,4.43,25.14,17.45,66.51,16.31,30.8,,10.93,29.57,,IT - Software
331,Fidel Softech,17.65,171.88,1.6,2.78,17.3,23.15,67.51,,21.31,,,25.82,,,,IT - Software
332,Canarys Automa.,14.78,161.58,0,9.09,62.71,101.2,169.29,14.36,11.93,20.03,22.05,,17.86,21.13,,IT - Software
333,ACE Alpha Tech,12.37,156.27,0,7.52,23.68,8.98,12.25,54.34,86.37,264.76,353.61,,58.89,348.92,-59.46,IT - Software
334,GVP Infotech,,140.23,1.74,-90.29,-451550,1.82,366.67,-1.44,-1175.55,54.93,,-28.59,0.95,,,IT - Software
335,Silverline Tech,7.52,134.88,0,7.26,24100,100.07,14195.71,-0.39,10.42,100.06,,,-0.11,,,IT - Software
336,Hypersoft Tech.,65.05,132.7,0,0.95,3266.67,10.76,107500,20.65,10.32,103.87,175.89,92.76,-2.29,69.85,175.89,IT - Software
337,Naapbooks,19.13,125.12,0,3.29,165.32,9.73,157.41,23.65,53.72,63.24,169.06,76.08,14.93,99.26,116.73,IT - Software
338,Olatech Solution,36.18,122.3,0,2.43,-26.14,16.74,46.46,,27.04,,,69.15,,,,IT - Software
339,R S Software (I),,120.03,0.53,-5.92,-218.4,6.07,-64.71,17.94,-17.61,27.71,37.24,24.1,14.24,57.26,37.19,IT - Software
340,Delaplex,9.11,118.62,0,7.2,15.34,37.18,3.45,,20.25,,,,,,,IT - Software
341,Omega Interactiv,24.59,116.08,0,1.88,548.28,19.45,97150,7.65,9.9,-51,391.87,129.52,4.31,514.46,233.83,IT - Software
342,Secmark Consult.,29.63,114.97,0,0.86,437.5,9.33,6.14,22.26,23.44,34.16,16.91,16.28,-5.85,29.16,16.87,IT - Software
343,Athena Global,,113.34,0,-6.37,-35.82,2.57,-41.19,-2.5,-72.38,-8.08,,8.44,,,,IT - Software
344,CG-VAK Software,9.79,111.56,0.45,3.46,44.17,18.28,-5.87,18.73,20.51,12.63,1.26,-14.69,17.55,2.65,1.26,IT - Software
345,Trust Fintech,13.64,111.03,1.07,4.3,-18.25,20.29,21.57,15.67,28.28,21.36,88.67,,18.89,82.75,13.49,IT - Software
346,BITS,312.29,109.3,0,0.1,900,0.34,25.93,1.12,39.68,15.15,,,0.41,81.71,,IT - Software
347,Cura Tech.,,106.59,0,-0.01,50,0.12,,-10.69,-200,,,,,,,IT - Software
348,Focus Business,89.45,105.55,0.04,0.6,252.94,12.59,17.99,15.47,8.4,19.76,57.34,121.4,12.5,34.87,49.8,IT - Software
349,Odyssey Tech.,23.28,102.67,1.55,0.86,244,6.76,19.01,10.63,17.91,6.34,-2.37,8.89,8.72,-6.5,-2.62,IT - Software
350,Sofcom Systems,172.51,101.78,0,-0.02,-111.76,0,-100,,8.7,,-23.17,-23.21,,123.24,-57.3,IT - Software
351,Orchasp Ltd,22.96,98.03,0,0.21,101.47,7.54,64.27,-8.26,15.75,-17.32,,-17.38,-3.01,,,IT - Software
352,3C IT Solutions,42.37,10.59,0,0.14,182.35,21.19,-9.79,5.99,2.66,-18.25,,,7.51,-25.69,,IT - Services
353,Euphoria Infotec,6.89,10.2,0,0.66,-31.25,6.31,-9.34,16.2,18.93,41.66,107.62,,14.2,73.7,-65.86,IT - Services
354,Unipro Technolgy,,6.67,0,-0.28,-1300,0,,-56,,,-37,,,,-37,IT - Services
355,Bharatiya Glob.,,5.59,0,0.67,283.78,0,,-1.77,-416,-57.79,,4.42,-3.28,,,IT - Services
356,Tata Capital,41.51,152750.65,0,1118.97,2.01,7737.18,7.69,9.58,71.64,40.73,30.62,,15.55,39.41,27.28,Finance 
357,Cholaman.Inv.&Fn,31.17,144782.52,0.12,1159.61,19.82,7491.38,19.76,10.34,69.18,36.57,25.56,36.92,20.03,36.26,24.56,Finance 
358,Bajaj Holdings,17.34,122897,0.84,1689.88,8.54,396.87,42.21,9.82,84.19,15.13,16.66,23.52,12.27,16.26,16.66,Finance 
359,Power Fin.Corpn.,4.79,118456.86,4.4,7834.39,8.31,28890.24,12.32,9.73,96.22,11.99,17.95,42.48,20.95,14.91,17.95,Finance 
360,REC Ltd,5.54,95679.62,4.95,4414.93,9.34,15152.67,10.75,9.96,96.54,12.8,16.63,43.46,21.42,16.34,16.63,Finance 
361,Aditya Birla Cap,28.39,92637.76,0,882.47,-14.09,10594.96,2.64,9.33,36.34,22.26,24.42,35.13,16.17,35.83,21.31,Finance 
362,SBI Cards,42.86,82206.14,0.29,444.77,9.98,4960.98,12.21,10.4,27.49,19.17,5.83,3.35,20.14,20.82,5.53,Finance 
363,Bajaj Housing,33.03,77973.29,0,642.96,17.84,2754.85,14.3,9.55,90.96,36.48,45.01,,14.29,40.91,21.37,Finance 
364,L&T Finance Ltd,27.81,75040.38,0.92,734.88,5.64,4335.75,7.87,8.71,60.77,10.11,44.84,48.29,7.23,10.77,44.44,Finance 
365,HDB FINANC SER,28.87,62136.4,0.27,581.4,-1.62,4545.4,13.44,9.79,56.23,12.95,29.09,,17.42,26.04,28.8,Finance 
366,Sundaram Finance,29.62,58412.35,0.67,488.12,11.92,2385.64,14.44,9.64,79.28,18.54,16.71,30.78,14.58,22.39,16.71,Finance 
367,Authum Invest,12.88,51753.78,0.01,764.59,-9.38,595.19,-45.45,30.85,93.57,71.39,85.2,144.66,33.48,68.95,85.2,Finance 
368,M & M Fin. Serv.,19.63,48440.5,1.87,566.07,44.95,5026.19,12.56,8.77,62.92,17.49,26.31,15.13,10.91,24.48,26.31,Finance 
369,H U D C O,15.35,43018.88,1.93,709.83,3.08,3219.03,27.85,9.62,97.44,13.98,16.43,61.73,13.51,14.71,16.43,Finance 
370,Piramal Finance.,68.13,42287.87,0,326.99,150.22,2871.55,21.42,7.73,58.14,18.83,-9.08,,,12.96,-13.68,Finance 
371,Indian Renewable,22.28,38385.07,0,549,41.59,2056.88,26.22,9.37,88.78,33.16,38.93,,17.14,36.99,31.61,Finance 
372,Poonawalla Fin,172.22,37518.94,0,74.2,115.75,1542.3,55.97,4.77,46.99,39.6,,16.76,6.53,18.18,,Finance 
373,CRISIL,46.29,34682.64,0.53,193.1,12.56,911.24,12.24,35.6,29.34,12.32,16.05,16.15,30.71,12.74,15.92,Finance 
374,Chola Financial,15.37,34244.07,0.07,1214.27,4.64,9461.41,16.95,10.57,55.8,31.37,28.57,47.35,19.13,36.62,28.56,Finance 
375,Tata Inv.Corpn.,96.09,33802.98,0.4,148.16,19.78,153.98,8.07,1.21,87.61,6.25,13.36,45.26,1.27,14.46,13.36,Finance 
376,TVS Holdings,20.87,30051.52,0.63,880.08,59.15,14549.15,25.92,15.21,15.8,20.69,36.65,54.1,23.17,31.22,36.65,Finance 
377,LIC Housing Fin.,5.26,29046.11,1.89,1349.37,1.62,7179.25,3.48,8.93,93.85,12.06,33.53,10.09,14.68,15.97,33.53,Finance 
378,IIFL Finance,32.18,27614.31,0,417.94,25.08,3305.11,29.31,8.81,56.06,13.54,-21.94,12.62,13.12,6.76,-22.11,Finance 
379,PNB Housing,11.53,25337.19,0.51,626.49,32.82,2167.91,16.08,9.46,93.96,7.6,33.34,28.28,11.56,11.09,33.2,Finance 
380,Manappuram Fin.,53.9,24207.06,1.22,217.31,-61.47,2283.46,-13.28,11.03,46.04,18.19,-2.9,33.26,15.51,11.09,-2.9,Finance 
381,CreditAcc. Gram.,158.91,21244.69,0,125.81,-32.38,1508.35,3.79,9.55,37.24,29.18,14.6,14.71,16.26,21.62,13.67,Finance 
382,JSW Holdings,176.6,20794.9,0,59.61,-49.6,83.57,-48.47,0.85,91.61,10.05,9.08,63.26,0.87,9.07,9.08,Finance 
383,Aadhar Hsg. Fin.,20.87,20616.96,0,266.47,17.12,897.13,17.38,11.42,76.35,21.6,27.03,,17.25,20.92,23.32,Finance 
384,Choice Intl.,100.89,18295.27,0,56.46,20.12,274.43,10.93,19.95,33.83,47.81,44.81,86.16,19.35,47.39,44.65,Finance 
385,Capri Global,24.69,17695,0.11,236,143.35,1121.37,49.18,11.18,65.09,49.64,32.63,1.18,9.15,48.44,32.54,Finance 
386,Mah. Scooters,50.05,15502.83,1.18,267.07,76.68,271.02,66.1,0.59,98.11,-1.78,7.06,44.98,0.78,-0.11,7.06,Finance 
387,Five-Star Bus.Fi,13.53,14952.51,0.39,286.14,6.79,799.44,13.87,16.34,71.73,31.44,33.23,-5.08,17.27,32.41,32.76,Finance 
388,RRPSemiconductor,,14666.99,0,-7.15,-492.86,-6.82,-220.49,80.21,5.79,,397.13,,,452.88,42.39,Finance 
389,Aptus Value Hou.,16.34,13777.63,1.63,226.55,24.5,544.04,29.11,15.05,84.25,29.04,26.61,-3.32,17.4,29.99,26.37,Finance 
390,JM Financial,11.63,13284.4,1.94,261.89,16.3,1031.28,-13.37,9.39,62.07,5.79,2.01,25.48,7.35,-1.41,1.94,Finance 
391,IFCI,34.66,13199.55,0,317.4,71.83,732.28,18.66,8.08,70.73,6.49,27.93,52.57,0.44,67.17,27.51,Finance 
392,Sammaan Capital,9.43,11973.43,0,308.47,111.17,2250.6,-7.1,3.65,74.43,-1.17,,5.63,0.96,-31.75,,Finance 
393,Can Fin Homes,12.89,11873.35,1.35,251.43,18.89,1049.45,9.04,9.34,91.95,24.96,22.08,17.73,18.49,25.76,22.08,Finance 
394,AAVAS Financiers,19.03,11477.07,0,163.93,10.83,667.02,15.17,10.09,74.31,21.76,17.16,-7.41,14.06,22.93,17.05,Finance 
395,SBFC Finance,27.81,10916.15,0,109.14,29.96,410.78,30.87,11.55,68.41,35.12,74.75,,10.87,40.85,60.07,Finance 
396,Home First Finan,23.59,10682.62,0.36,131.85,42.96,477.32,28,11.35,79.6,37.22,27.1,12.43,15.3,39.75,25.95,Finance 
397,Bajaj Finance,32.63,597201.52,0.46,4947.76,21.89,20178.9,18.06,11.35,68.48,30.12,33.23,17.57,21.19,34.4,32.08,Finance 
398,Bajaj Finserv,32.89,318372.08,0.05,4746.47,7.53,37402.93,10.98,11.03,37.79,25.07,24.96,12.13,14.38,32.17,24.83,Finance 
399,Shriram Finance,20.95,183526.54,1.01,2314.16,12.22,11912.44,18.07,10.95,72.59,31.66,44.48,54.06,15.89,30.62,29.46,Finance 
400,Muthoot Finance,21,153407.07,0.68,2411.65,90.36,7282.79,47.76,13.19,75.96,18.38,9.91,52.64,18.73,15.04,9.89,Finance 
